snapshot_utc,snapshot_local,session_date,session,session_timezone,pair,spot,atm_iv_1w,put25_iv_1w,call25_iv_1w,rr_1w,ratio_1w,ratio_2w,ratio_1m,ratio_2m,ratio_3m,ratio_6m,ratio_12m,sentry_updated
2026-10-07T09:55:45+00:00,2026-10-07T10:55:45+01:00,2026-10-07,London,Europe/London,EUR/USD,1.119245,0.066987,0.07331335038,0.06115739443,-0.01215595595,1.387411458,1.422570148,1.63617558,1.517894636,1.456052304,1.343913052,1.331397015,2026-10-07T08:23:33
2026-10-07T09:55:45+00:00,2026-10-07T10:55:45+01:00,2026-10-07,London,Europe/London,USD/JPY,158.285,0.072473,0.08406151518,0.06409503174,-0.01996648343,5.136650365,1.35222823,1.020116582,0.9763355911,0.8720686834,1.0350467,1.065566508,2026-10-07T08:23:33
2026-10-07T09:55:45+00:00,2026-10-07T10:55:45+01:00,2026-10-07,London,Europe/London,GBP/USD,1.32261,0.058529,0.06259441487,0.05357800331,-0.009016411562,1.252734316,1.087472032,1.325367491,1.418075423,1.353216835,1.174637122,1.203321057,2026-10-07T08:23:33
2026-10-07T09:55:45+00:00,2026-10-07T10:55:45+01:00,2026-10-07,London,Europe/London,USD/CHF,0.833505,0.06585,0.06886697227,0.06465826932,-0.004208702942,1.437615981,1.411339621,1.500810548,1.184144992,1.119436019,1.067187216,1.073305451,2026-10-07T08:23:33
2026-10-07T09:55:45+00:00,2026-10-07T10:55:45+01:00,2026-10-07,London,Europe/London,USD/CAD,1.422575,0.042078,0.04158816051,0.04433276329,0.002744602786,1.40189905,1.420069085,1.436333609,0.9691127695,1.034178019,1.087430128,1.141678673,2026-10-07T08:23:33
2026-10-07T09:55:45+00:00,2026-10-07T10:55:45+01:00,2026-10-07,London,Europe/London,AUD/USD,0.69682,0.068278,0.07467409964,0.06755829333,-0.007115806309,1.284676752,1.082750509,1.25706794,1.351882634,1.307134033,1.132938494,1.16133878,2026-10-07T08:23:33
2026-10-07T09:55:45+00:00,2026-10-07T10:55:45+01:00,2026-10-07,London,Europe/London,NZD/USD,0.5605,0.077986,0.08488361268,0.07540559037,-0.009478022313,1.459755915,1.364371825,1.622120167,1.376455263,1.225983134,1.013963832,1.130259039,2026-10-07T08:23:33
2026-10-07T09:55:45+00:00,2026-10-07T10:55:45+01:00,2026-10-07,London,Europe/London,EUR/CAD,1.592145,0.0484,0.05170851312,0.04819060701,-0.003517906108,0.9149511333,1.012845298,1.320773931,1.394705312,1.418940937,1.434354033,1.387548051,2026-10-07T08:23:33
2026-10-07T09:55:45+00:00,2026-10-07T10:55:45+01:00,2026-10-07,London,Europe/London,EUR/CHF,0.932875,0.05673,0.06608978755,0.05469128322,-0.01139850433,0.699196411,0.8194630673,1.01184821,1.151603307,1.270763711,1.362783197,1.38395222,2026-10-07T08:23:33
2026-10-07T09:55:45+00:00,2026-10-07T10:55:45+01:00,2026-10-07,London,Europe/London,EUR/GBP,0.84597,0.039968,0.04325296607,0.04190558372,-0.00134738235,2.115156647,1.500095885,1.655494657,1.761875708,1.568311232,1.567601268,1.454782634,2026-10-07T08:23:33
2026-10-07T09:55:45+00:00,2026-10-07T10:55:45+01:00,2026-10-07,London,Europe/London,EUR/JPY,177.146,0.080536,0.09488864943,0.07397355564,-0.02091509379,1.697961249,1.508677405,1.198706177,1.166918312,1.107740433,1.276344167,1.3463887,2026-10-07T08:23:33
2026-10-07T09:55:45+00:00,2026-10-07T10:55:45+01:00,2026-10-07,London,Europe/London,EUR/AUD,1.606375,0.055866,0.05604042007,0.05808900574,0.00204858567,1.024951381,1.080191793,1.304181495,1.352321453,1.371860572,1.398909405,1.288283127,2026-10-07T08:23:33
2026-10-07T09:55:45+00:00,2026-10-07T10:55:45+01:00,2026-10-07,London,Europe/London,GBP/JPY,209.3375,0.072324,0.0826934777,0.06741083646,-0.01528264125,1.668450678,1.459057757,1.201111673,1.100742918,1.025082797,1.205327997,1.250130108,2026-10-07T08:23:33
2026-10-07T09:55:45+00:00,2026-10-07T10:55:45+01:00,2026-10-07,London,Europe/London,USD/CNH,6.706545,0.015049,0.01304232404,0.01869535739,0.005653033349,1.52117659,0.9423544049,1.207079285,1.383057596,1.344842207,1.270833333,1.337788872,2026-10-07T08:23:33
2026-10-07T09:55:45+00:00,2026-10-07T10:55:45+01:00,2026-10-07,London,Europe/London,USD/ILS,3.059475,0.092475,0.09083380613,0.09409633254,0.003262526406,1.308602318,1.055420246,1.515785199,1.290406192,1.191218522,1.020425699,1.070216494,2026-10-07T08:23:33
2026-10-07T09:55:45+00:00,2026-10-07T10:55:45+01:00,2026-10-07,London,Europe/London,USD/MXN,18.06244,0.104935,0.09669563098,0.118525706,0.02183007498,0.9803802495,0.7787669309,1.004672625,1.225369517,1.328684381,1.333855261,1.327401961,2026-10-07T08:23:33
2026-10-07T09:55:45+00:00,2026-10-07T10:55:45+01:00,2026-10-07,London,Europe/London,USD/TRY,18.23807,,,,,,,,,,,,
2026-10-07T09:55:45+00:00,2026-10-07T10:55:45+01:00,2026-10-07,London,Europe/London,XAU/USD,4117.9,0.189121,0.2007009859,0.1976911817,-0.003009804153,1.525759972,0.8990834507,1.080011432,0.9596428741,0.8966660902,0.8931334912,0.773606558,2026-10-07T08:23:33
2026-10-07T11:57:38+00:00,2026-10-07T07:57:38-04:00,2026-10-07,New_York,America/New_York,EUR/USD,1.11804,0.065558,0.07378422478,0.06265096984,-0.01113325493,1.357814506,1.405229502,1.639429869,1.503388051,1.448616419,1.343108746,1.329887452,2026-10-07T10:23:40
2026-10-07T11:57:38+00:00,2026-10-07T07:57:38-04:00,2026-10-07,New_York,America/New_York,USD/JPY,158.323,0.072046,0.08326910517,0.06314609611,-0.02012300906,5.106385995,1.350046616,1.015825375,0.976117486,0.868456005,1.034209911,1.064606638,2026-10-07T10:23:40
2026-10-07T11:57:38+00:00,2026-10-07T07:57:38-04:00,2026-10-07,New_York,America/New_York,GBP/USD,1.32051,0.057109,0.06395629244,0.0573673535,-0.006588938934,1.222341131,1.07471649,1.337050726,1.429314509,1.359742478,1.179493023,1.20180556,2026-10-07T10:23:40
2026-10-07T11:57:38+00:00,2026-10-07T07:57:38-04:00,2026-10-07,New_York,America/New_York,USD/CHF,0.832145,0.065258,0.07005777573,0.06644535572,-0.003612420007,1.424691628,1.407344337,1.484145682,1.165415744,1.10669727,1.057442043,1.069382752,2026-10-07T10:23:40
2026-10-07T11:57:38+00:00,2026-10-07T07:57:38-04:00,2026-10-07,New_York,America/New_York,USD/CAD,1.42421,0.041777,0.04117056586,0.04461501455,0.003444448686,1.391870731,1.40970639,1.434516928,0.9713700018,1.036521654,1.085041326,1.139331691,2026-10-07T10:23:40
2026-10-07T11:57:38+00:00,2026-10-07T07:57:38-04:00,2026-10-07,New_York,America/New_York,AUD/USD,0.69502,0.069061,0.07550149118,0.06811814724,-0.007383343938,1.299409197,1.096531663,1.280028238,1.369281636,1.314837691,1.136650539,1.163196732,2026-10-07T10:23:40
2026-10-07T11:57:38+00:00,2026-10-07T07:57:38-04:00,2026-10-07,New_York,America/New_York,NZD/USD,0.55944,0.078263,0.08330310056,0.07571964331,-0.007583457253,1.464940851,1.378197525,1.636602702,1.37612961,1.218231084,1.019500205,1.127264437,2026-10-07T10:23:40
2026-10-07T11:57:38+00:00,2026-10-07T07:57:38-04:00,2026-10-07,New_York,America/New_York,EUR/CAD,1.59233,0.048101,0.05320691548,0.04874088031,-0.004466035173,0.9092988525,1.011792757,1.323426948,1.392879557,1.418970032,1.435679377,1.385236728,2026-10-07T10:23:40
2026-10-07T11:57:38+00:00,2026-10-07T07:57:38-04:00,2026-10-07,New_York,America/New_York,EUR/CHF,0.930325,0.057376,0.06566025708,0.05569643491,-0.009963822163,0.7071583514,0.8247519442,1.029814606,1.161030666,1.281551012,1.37996669,1.402648663,2026-10-07T10:23:40
2026-10-07T11:57:38+00:00,2026-10-07T07:57:38-04:00,2026-10-07,New_York,America/New_York,EUR/GBP,0.84657,0.040602,0.04298740596,0.04120901553,-0.001778390436,2.148708721,1.516549687,1.687472891,1.780092391,1.583750525,1.564822402,1.460733445,2026-10-07T10:23:40
2026-10-07T11:57:38+00:00,2026-10-07T07:57:38-04:00,2026-10-07,New_York,America/New_York,EUR/JPY,177.032,0.08233,0.09488208289,0.0747164285,-0.02016565438,1.735784613,1.533083787,1.200973845,1.170530712,1.111587354,1.275394013,1.34247209,2026-10-07T10:23:40
2026-10-07T11:57:38+00:00,2026-10-07T07:57:38-04:00,2026-10-07,New_York,America/New_York,EUR/AUD,1.608655,0.056765,0.05750392336,0.05888937105,0.00138544769,1.041444979,1.101331677,1.323954626,1.368919729,1.386772853,1.40899519,1.291609684,2026-10-07T10:23:40
2026-10-07T11:57:38+00:00,2026-10-07T07:57:38-04:00,2026-10-07,New_York,America/New_York,GBP/JPY,209.0885,0.071202,0.08237519287,0.06836598894,-0.01400920393,1.642567131,1.454740785,1.201154984,1.101885868,1.039330126,1.206804053,1.251072509,2026-10-07T10:23:40
2026-10-07T11:57:38+00:00,2026-10-07T07:57:38-04:00,2026-10-07,New_York,America/New_York,USD/CNH,6.707515,0.014837,0.013277619,0.01882834838,0.005550729381,1.499747296,0.9309200782,1.195869285,1.383950024,1.343267309,1.27390253,1.333923826,2026-10-07T10:23:40
2026-10-07T11:57:38+00:00,2026-10-07T07:57:38-04:00,2026-10-07,New_York,America/New_York,USD/ILS,3.07158,0.092275,0.09626021856,0.09979794361,0.003537725047,1.305772143,1.055420246,1.517054106,1.29100618,1.192383083,1.021471313,1.070781753,2026-10-07T10:23:40
2026-10-07T11:57:38+00:00,2026-10-07T07:57:38-04:00,2026-10-07,New_York,America/New_York,USD/MXN,18.10375,0.104722,0.09802950924,0.1205128701,0.02248336082,0.9783902462,0.7866394108,0.9994958993,1.219082925,1.325301361,1.327604863,1.329001844,2026-10-07T10:23:40
2026-10-07T11:57:38+00:00,2026-10-07T07:57:38-04:00,2026-10-07,New_York,America/New_York,USD/TRY,18.23807,,,,,,,,,,,,
2026-10-07T11:57:38+00:00,2026-10-07T07:57:38-04:00,2026-10-07,New_York,America/New_York,XAU/USD,4118.77,0.195221,0.2034400304,0.1999478915,-0.003492138878,1.57497257,0.9276517209,1.091644262,0.9689129506,0.9031308335,0.8948263922,0.7743072562,2026-10-07T10:23:40
2026-10-07T23:54:51+00:00,2026-10-08T08:54:51+09:00,2026-10-08,Asia,Asia/Tokyo,EUR/USD,1.12028,0.069053,0.07634593518,0.06509376208,-0.0112521731,1.395432959,1.435384307,1.657249401,1.562993318,1.462460226,1.365522599,1.348325322,2026-10-07T22:23:51
2026-10-07T23:54:51+00:00,2026-10-08T08:54:51+09:00,2026-10-08,Asia,Asia/Tokyo,USD/JPY,158.001,0.075166,0.08685167338,0.0669704834,-0.01988118997,3.473796099,1.3506218,1.007107952,0.9884433255,0.8608192494,1.027942889,1.057735923,2026-10-07T22:23:51
2026-10-07T23:54:51+00:00,2026-10-08T08:54:51+09:00,2026-10-08,Asia,Asia/Tokyo,GBP/USD,1.32181,0.061928,0.06629766198,0.05954845762,-0.006749204362,1.207126428,1.090525494,1.331063154,1.453717823,1.350855693,1.189469645,1.202152916,2026-10-07T22:23:51
2026-10-07T23:54:51+00:00,2026-10-08T08:54:51+09:00,2026-10-08,Asia,Asia/Tokyo,USD/CHF,0.832755,0.068387,0.07382121749,0.06715790923,-0.006663308263,1.491928095,1.44168327,1.513919557,1.214106967,1.115316555,1.059938385,1.065233677,2026-10-07T22:23:51
2026-10-07T23:54:51+00:00,2026-10-08T08:54:51+09:00,2026-10-08,Asia,Asia/Tokyo,USD/CAD,1.425575,0.046707,0.0456276138,0.04982478691,0.00419717311,1.417382332,1.488929639,1.489349132,1.044319796,1.053180472,1.099978612,1.15050802,2026-10-07T22:23:51
2026-10-07T23:54:51+00:00,2026-10-08T08:54:51+09:00,2026-10-08,Asia,Asia/Tokyo,AUD/USD,0.69612,0.074537,0.08057721698,0.06846245997,-0.01211475701,1.393866293,1.142460031,1.269383212,1.385415734,1.288405404,1.12805961,1.1582351,2026-10-07T22:23:51
2026-10-07T23:54:51+00:00,2026-10-08T08:54:51+09:00,2026-10-08,Asia,Asia/Tokyo,NZD/USD,0.56007,0.081758,0.08729371061,0.07672162016,-0.01057209045,1.479381163,1.401774952,1.669345777,1.388717454,1.197550057,1.00876282,1.121059828,2026-10-07T22:23:51
2026-10-07T23:54:51+00:00,2026-10-08T08:54:51+09:00,2026-10-08,Asia,Asia/Tokyo,EUR/CAD,1.596755,0.052224,0.05729799022,0.05099379743,-0.006304192786,0.9951598765,1.074280826,1.36711454,1.515373182,1.450447856,1.454830029,1.399004198,2026-10-07T22:23:51
2026-10-07T23:54:51+00:00,2026-10-08T08:54:51+09:00,2026-10-08,Asia,Asia/Tokyo,EUR/CHF,0.932935,0.063635,0.07092820443,0.06028045012,-0.01064775431,0.7800701187,0.8685303514,1.016640525,1.171288744,1.278732945,1.412344006,1.444986198,2026-10-07T22:23:51
2026-10-07T23:54:51+00:00,2026-10-08T08:54:51+09:00,2026-10-08,Asia,Asia/Tokyo,EUR/GBP,0.84763,0.03976,0.04277232855,0.03992966516,-0.002842663397,2.362869198,1.514163424,1.65858482,1.782513238,1.572239699,1.590426476,1.453162038,2026-10-07T22:23:51
2026-10-07T23:54:51+00:00,2026-10-08T08:54:51+09:00,2026-10-08,Asia,Asia/Tokyo,EUR/JPY,177.005,0.085095,0.09820903693,0.07919604087,-0.01901299606,1.522054089,1.441541281,1.158923079,1.157771285,1.09407978,1.274434518,1.333113517,2026-10-07T22:23:51
2026-10-07T23:54:51+00:00,2026-10-08T08:54:51+09:00,2026-10-08,Asia,Asia/Tokyo,EUR/AUD,1.609025,0.060569,0.06081124821,0.06096932945,0.0001580812357,1.107658827,1.088318706,1.290188122,1.3647703,1.377530155,1.412283221,1.287092015,2026-10-07T22:23:51
2026-10-07T23:54:51+00:00,2026-10-08T08:54:51+09:00,2026-10-08,Asia,Asia/Tokyo,GBP/JPY,208.7965,0.076053,0.08554809615,0.07208682242,-0.01346127373,1.324203855,1.353273905,1.167216058,1.098167244,1.017203871,1.200324172,1.245374783,2026-10-07T22:23:51
2026-10-07T23:54:51+00:00,2026-10-08T08:54:51+09:00,2026-10-08,Asia,Asia/Tokyo,USD/CNH,6.70158,0.017099,0.01413420181,0.02037475222,0.006240550407,1.751229005,0.9134825489,1.256607106,1.419614257,1.398566532,1.283060059,1.330988746,2026-10-07T22:23:51
2026-10-07T23:54:51+00:00,2026-10-08T08:54:51+09:00,2026-10-08,Asia,Asia/Tokyo,USD/ILS,3.068865,0.103727,0.1015917434,0.1052301314,0.00363838792,1.028537715,0.9922593695,1.36455343,1.244743654,1.147463237,1.011097964,1.059561269,2026-10-07T22:23:51
2026-10-07T23:54:51+00:00,2026-10-08T08:54:51+09:00,2026-10-08,Asia,Asia/Tokyo,USD/MXN,17.975795,0.106343,0.09799934326,0.1178552646,0.01985592137,0.9942872637,0.8010123849,1.01059501,1.246647286,1.303897074,1.329154842,1.317486439,2026-10-07T22:23:51
2026-10-07T23:54:51+00:00,2026-10-08T08:54:51+09:00,2026-10-08,Asia,Asia/Tokyo,USD/TRY,18.23807,,,,,,,,,,,,
2026-10-07T23:54:51+00:00,2026-10-08T08:54:51+09:00,2026-10-08,Asia,Asia/Tokyo,XAU/USD,4112.95,0.202016,0.2079086796,0.2025458539,-0.005362825721,1.356813755,0.9297637452,1.095830224,0.999351606,0.8936498475,0.8982787265,0.7723527671,2026-10-07T22:23:51
2026-10-08T09:10:33+00:00,2026-10-08T10:10:33+01:00,2026-10-08,London,Europe/London,EUR/USD,1.119025,0.067892,0.07468462381,0.063878274,-0.01080634982,1.358057289,1.418834041,1.687168397,1.578780028,1.475846234,1.373104623,1.352111599,2026-10-08T08:23:33
2026-10-08T09:10:33+00:00,2026-10-08T10:10:33+01:00,2026-10-08,London,Europe/London,USD/JPY,158.237,0.06959,0.08006879302,0.06234914292,-0.0177196501,3.100053457,1.283666837,1.007393785,0.9806962447,0.86215781,1.024849611,1.061240368,2026-10-08T08:23:33
2026-10-08T09:10:33+00:00,2026-10-08T10:10:33+01:00,2026-10-08,London,Europe/London,GBP/USD,1.319585,0.059654,0.06516222821,0.05594515803,-0.009217070182,1.183658082,1.080173894,1.360275609,1.475883504,1.364158094,1.195144153,1.204603956,2026-10-08T08:23:33
2026-10-08T09:10:33+00:00,2026-10-08T10:10:33+01:00,2026-10-08,London,Europe/London,USD/CHF,0.833885,0.065102,0.06950690032,0.0641295711,-0.005377329219,1.534772974,1.402370514,1.51318839,1.223143525,1.123336965,1.06757822,1.065373345,2026-10-08T08:23:33
2026-10-08T09:10:33+00:00,2026-10-08T10:10:33+01:00,2026-10-08,London,Europe/London,USD/CAD,1.425945,0.046161,0.04566522831,0.04901862466,0.003353396351,1.402260093,1.506196932,1.51018636,1.060172897,1.060430363,1.105669919,1.154334871,2026-10-08T08:23:33
2026-10-08T09:10:33+00:00,2026-10-08T10:10:33+01:00,2026-10-08,London,Europe/London,AUD/USD,0.695405,0.070609,0.07680313366,0.06574607425,-0.01105705941,1.414641476,1.108498198,1.287884261,1.397235708,1.295753701,1.137228412,1.157106475,2026-10-08T08:23:33
2026-10-08T09:10:33+00:00,2026-10-08T10:10:33+01:00,2026-10-08,London,Europe/London,NZD/USD,0.55924,0.078271,0.08376424468,0.07358144716,-0.01018279752,1.489230945,1.418131309,1.669286309,1.397493824,1.204144371,1.014722073,1.123412605,2026-10-08T08:23:33
2026-10-08T09:10:33+00:00,2026-10-08T10:10:33+01:00,2026-10-08,London,Europe/London,EUR/CAD,1.594935,0.051842,0.05669194704,0.05010074299,-0.006591204052,0.9803335729,1.089353324,1.394015979,1.526678851,1.471014913,1.47145889,1.41142955,2026-10-08T08:23:33
2026-10-08T09:10:33+00:00,2026-10-08T10:10:33+01:00,2026-10-08,London,Europe/London,EUR/CHF,0.932845,0.062593,0.07203258269,0.05632629457,-0.01570628812,0.770119468,0.8489893849,1.0415086,1.200540031,1.30148302,1.420961795,1.442270413,2026-10-08T08:23:33
2026-10-08T09:10:33+00:00,2026-10-08T10:10:33+01:00,2026-10-08,London,Europe/London,EUR/GBP,0.84794,0.039276,0.04154830126,0.03913983989,-0.002408461369,2.081509354,1.537970645,1.68023209,1.795385285,1.583249594,1.60646564,1.476514396,2026-10-08T08:23:33
2026-10-08T09:10:33+00:00,2026-10-08T10:10:33+01:00,2026-10-08,London,Europe/London,EUR/JPY,177.049,0.081253,0.09265662787,0.07452883354,-0.01812779433,1.454687052,1.404695962,1.169926227,1.163399237,1.10516664,1.275588544,1.343616531,2026-10-08T08:23:33
2026-10-08T09:10:33+00:00,2026-10-08T10:10:33+01:00,2026-10-08,London,Europe/London,EUR/AUD,1.608545,0.057873,0.05862644247,0.05863153838,5.095907929e-06,1.092005208,1.067882064,1.32672509,1.380434783,1.378558534,1.430047677,1.293402553,2026-10-08T08:23:33
2026-10-08T09:10:33+00:00,2026-10-08T10:10:33+01:00,2026-10-08,London,Europe/London,GBP/JPY,208.7835,0.073044,0.08170191477,0.06848951964,-0.01321239513,1.275409893,1.308775828,1.163443633,1.087836568,1.027910374,1.208175967,1.25056164,2026-10-08T08:23:33
2026-10-08T09:10:33+00:00,2026-10-08T10:10:33+01:00,2026-10-08,London,Europe/London,USD/CNH,6.702445,0.013875,0.01225102838,0.01667170071,0.004420672322,1.420745443,0.811638136,1.150697287,1.332070272,1.335341365,1.246841639,1.309925508,2026-10-08T08:23:33
2026-10-08T09:10:33+00:00,2026-10-08T10:10:33+01:00,2026-10-08,London,Europe/London,USD/ILS,3.074175,0.101378,0.09906215384,0.1026894906,0.00362733673,1.005315246,1.047557827,1.389377513,1.258453275,1.156822606,1.01593136,1.062715268,2026-10-08T08:23:33
2026-10-08T09:10:33+00:00,2026-10-08T10:10:33+01:00,2026-10-08,London,Europe/London,USD/MXN,18.007155,0.107088,0.09874624282,0.120564676,0.02181843317,1.033308889,0.7955816163,1.02014585,1.253905068,1.321556925,1.340584801,1.327625794,2026-10-08T08:23:33
2026-10-08T09:10:33+00:00,2026-10-08T10:10:33+01:00,2026-10-08,London,Europe/London,USD/TRY,18.23807,,,,,,,,,,,,
2026-10-08T09:10:33+00:00,2026-10-08T10:10:33+01:00,2026-10-08,London,Europe/London,XAU/USD,4129.52,0.201878,0.2070335877,0.2021855975,-0.004847990186,1.812711012,0.933081397,1.12240486,1.015364657,0.9046672849,0.9052899605,0.777179271,2026-10-08T08:23:33
2026-10-08T11:58:07+00:00,2026-10-08T07:58:07-04:00,2026-10-08,New_York,America/New_York,EUR/USD,1.118015,0.068032,0.07550437274,0.06395146202,-0.01155291072,1.360857737,1.4252477,1.698408308,1.587023081,1.478324126,1.379013891,1.354232754,2026-10-08T10:23:46
2026-10-08T11:58:07+00:00,2026-10-08T07:58:07-04:00,2026-10-08,New_York,America/New_York,USD/JPY,158.242,0.068696,0.0794909627,0.06132629016,-0.01816467254,3.060228083,1.272036807,1.001587082,0.9780407658,0.8609232421,1.023459509,1.061635546,2026-10-08T10:23:46
2026-10-08T11:58:07+00:00,2026-10-08T07:58:07-04:00,2026-10-08,New_York,America/New_York,GBP/USD,1.31952,0.059723,0.06521383677,0.05641952825,-0.008794308513,1.185027184,1.089894768,1.364605999,1.478208818,1.367406605,1.19545924,1.207894823,2026-10-08T10:23:46
2026-10-08T11:58:07+00:00,2026-10-08T07:58:07-04:00,2026-10-08,New_York,America/New_York,USD/CHF,0.833515,0.064517,0.06852885585,0.06404698039,-0.004481875457,1.520981659,1.40889163,1.524379208,1.229689627,1.12748011,1.075551783,1.07518873,2026-10-08T10:23:46
2026-10-08T11:58:07+00:00,2026-10-08T07:58:07-04:00,2026-10-08,New_York,America/New_York,USD/CAD,1.42714,0.04602,0.04492207314,0.04875304611,0.00383097297,1.397976852,1.503286771,1.508950638,1.059417996,1.059484243,1.105789185,1.152294386,2026-10-08T10:23:46
2026-10-08T11:58:07+00:00,2026-10-08T07:58:07-04:00,2026-10-08,New_York,America/New_York,AUD/USD,0.694015,0.069809,0.0776277576,0.0667210504,-0.0109067072,1.398613588,1.108498198,1.287798249,1.39904717,1.299155527,1.138635097,1.158412837,2026-10-08T10:23:46
2026-10-08T11:58:07+00:00,2026-10-08T07:58:07-04:00,2026-10-08,New_York,America/New_York,NZD/USD,0.55853,0.077322,0.08466739802,0.07564592296,-0.009021475069,1.471174702,1.415371487,1.669228238,1.398208946,1.205304447,1.015787871,1.124128398,2026-10-08T10:23:46
2026-10-08T11:58:07+00:00,2026-10-08T07:58:07-04:00,2026-10-08,New_York,America/New_York,EUR/CAD,1.59515,0.052298,0.0568025588,0.05028749296,-0.006515065833,0.9889565448,1.100041107,1.408935268,1.53988562,1.478181396,1.481050688,1.416344696,2026-10-08T10:23:46
2026-10-08T11:58:07+00:00,2026-10-08T07:58:07-04:00,2026-10-08,New_York,America/New_York,EUR/CHF,0.931895,0.06219,0.07140281637,0.05581754066,-0.01558527571,0.7651611157,0.8551839465,1.038930426,1.20066861,1.303149606,1.424178238,1.446664427,2026-10-08T10:23:46
2026-10-08T11:58:07+00:00,2026-10-08T07:58:07-04:00,2026-10-08,New_York,America/New_York,EUR/GBP,0.847,0.038359,0.04131886199,0.03835483549,-0.002964026499,2.032911124,1.528637524,1.677854783,1.796996082,1.582979052,1.602509267,1.473787603,2026-10-08T10:23:46
2026-10-08T11:58:07+00:00,2026-10-08T07:58:07-04:00,2026-10-08,New_York,America/New_York,EUR/JPY,176.908,0.080592,0.09137140117,0.07402826626,-0.0173431349,1.442853051,1.396634149,1.167767028,1.162663892,1.103106894,1.274733843,1.341972653,2026-10-08T10:23:46
2026-10-08T11:58:07+00:00,2026-10-08T07:58:07-04:00,2026-10-08,New_York,America/New_York,EUR/AUD,1.611465,0.057715,0.05875863808,0.05937235885,0.0006137207721,1.089023907,1.079058354,1.324539863,1.382847688,1.378604823,1.431267325,1.293624254,2026-10-08T10:23:46
2026-10-08T11:58:07+00:00,2026-10-08T07:58:07-04:00,2026-10-08,New_York,America/New_York,GBP/JPY,208.8025,0.071942,0.08058591487,0.06774682196,-0.01283909291,1.256168043,1.308041075,1.159719238,1.085017852,1.014597529,1.206421953,1.249550688,2026-10-08T10:23:46
2026-10-08T11:58:07+00:00,2026-10-08T07:58:07-04:00,2026-10-08,New_York,America/New_York,USD/CNH,6.70482,0.013598,0.01165893944,0.01652799334,0.004869053898,1.392381733,0.7990370899,1.138069798,1.334412677,1.322100904,1.232017155,1.308838333,2026-10-08T10:23:46
2026-10-08T11:58:07+00:00,2026-10-08T07:58:07-04:00,2026-10-08,New_York,America/New_York,USD/ILS,3.079045,0.099678,0.09707551612,0.100634296,0.003558779889,0.9884571905,1.037189868,1.384674176,1.254998508,1.154014811,1.014385322,1.06158213,2026-10-08T10:23:46
2026-10-08T11:58:07+00:00,2026-10-08T07:58:07-04:00,2026-10-08,New_York,America/New_York,USD/MXN,18.03327,0.106735,0.09700526525,0.1185262748,0.02152100954,1.029902737,0.7942889626,1.019680793,1.253445293,1.320817386,1.34061035,1.327564729,2026-10-08T10:23:46
2026-10-08T11:58:07+00:00,2026-10-08T07:58:07-04:00,2026-10-08,New_York,America/New_York,USD/TRY,18.23807,,,,,,,,,,,,
2026-10-08T11:58:07+00:00,2026-10-08T07:58:07-04:00,2026-10-08,New_York,America/New_York,XAU/USD,4124.18,0.199878,0.2056017159,0.1996482339,-0.005953482067,1.794752532,0.9280839195,1.119737171,1.014134906,0.9037400097,0.9048463937,0.7769542357,2026-10-08T10:23:46
