session,pair,session_date,snapshot_local,spot,atm_iv_1w,ratio_1w,rr_today,rr_prev,rr_prev2,delta_1,delta_2,bias,sentry_updated
Asia,AUD/USD,2026-10-08,2026-10-08T08:54:51+09:00,0.69612,0.074537,1.393866293,-0.01211475701,,,,,WARMUP,2026-10-07T22:23:51
Asia,EUR/AUD,2026-10-08,2026-10-08T08:54:51+09:00,1.609025,0.060569,1.107658827,0.0001580812357,,,,,WARMUP,2026-10-07T22:23:51
Asia,EUR/CAD,2026-10-08,2026-10-08T08:54:51+09:00,1.596755,0.052224,0.9951598765,-0.006304192786,,,,,WARMUP,2026-10-07T22:23:51
Asia,EUR/CHF,2026-10-08,2026-10-08T08:54:51+09:00,0.932935,0.063635,0.7800701187,-0.01064775431,,,,,WARMUP,2026-10-07T22:23:51
Asia,EUR/GBP,2026-10-08,2026-10-08T08:54:51+09:00,0.84763,0.03976,2.362869198,-0.002842663397,,,,,WARMUP,2026-10-07T22:23:51
Asia,EUR/JPY,2026-10-08,2026-10-08T08:54:51+09:00,177.005,0.085095,1.522054089,-0.01901299606,,,,,WARMUP,2026-10-07T22:23:51
Asia,EUR/USD,2026-10-08,2026-10-08T08:54:51+09:00,1.12028,0.069053,1.395432959,-0.0112521731,,,,,WARMUP,2026-10-07T22:23:51
Asia,GBP/JPY,2026-10-08,2026-10-08T08:54:51+09:00,208.7965,0.076053,1.324203855,-0.01346127373,,,,,WARMUP,2026-10-07T22:23:51
Asia,GBP/USD,2026-10-08,2026-10-08T08:54:51+09:00,1.32181,0.061928,1.207126428,-0.006749204362,,,,,WARMUP,2026-10-07T22:23:51
Asia,NZD/USD,2026-10-08,2026-10-08T08:54:51+09:00,0.56007,0.081758,1.479381163,-0.01057209045,,,,,WARMUP,2026-10-07T22:23:51
Asia,USD/CAD,2026-10-08,2026-10-08T08:54:51+09:00,1.425575,0.046707,1.417382332,0.00419717311,,,,,WARMUP,2026-10-07T22:23:51
Asia,USD/CHF,2026-10-08,2026-10-08T08:54:51+09:00,0.832755,0.068387,1.491928095,-0.006663308263,,,,,WARMUP,2026-10-07T22:23:51
Asia,USD/CNH,2026-10-08,2026-10-08T08:54:51+09:00,6.70158,0.017099,1.751229005,0.006240550407,,,,,WARMUP,2026-10-07T22:23:51
Asia,USD/ILS,2026-10-08,2026-10-08T08:54:51+09:00,3.068865,0.103727,1.028537715,0.00363838792,,,,,WARMUP,2026-10-07T22:23:51
Asia,USD/JPY,2026-10-08,2026-10-08T08:54:51+09:00,158.001,0.075166,3.473796099,-0.01988118997,,,,,WARMUP,2026-10-07T22:23:51
Asia,USD/MXN,2026-10-08,2026-10-08T08:54:51+09:00,17.975795,0.106343,0.9942872637,0.01985592137,,,,,WARMUP,2026-10-07T22:23:51
Asia,USD/TRY,2026-10-08,2026-10-08T08:54:51+09:00,18.23807,,,,,,,,WARMUP,
Asia,XAU/USD,2026-10-08,2026-10-08T08:54:51+09:00,4112.95,0.202016,1.356813755,-0.005362825721,,,,,WARMUP,2026-10-07T22:23:51
London,AUD/USD,2026-10-08,2026-10-08T10:10:33+01:00,0.695405,0.070609,1.414641476,-0.01105705941,-0.007115806309,,-0.003941253101,,WARMUP,2026-10-08T08:23:33
London,EUR/AUD,2026-10-08,2026-10-08T10:10:33+01:00,1.608545,0.057873,1.092005208,5.095907929e-06,0.00204858567,,-0.002043489762,,WARMUP,2026-10-08T08:23:33
London,EUR/CAD,2026-10-08,2026-10-08T10:10:33+01:00,1.594935,0.051842,0.9803335729,-0.006591204052,-0.003517906108,,-0.003073297944,,WARMUP,2026-10-08T08:23:33
London,EUR/CHF,2026-10-08,2026-10-08T10:10:33+01:00,0.932845,0.062593,0.770119468,-0.01570628812,-0.01139850433,,-0.004307783786,,WARMUP,2026-10-08T08:23:33
London,EUR/GBP,2026-10-08,2026-10-08T10:10:33+01:00,0.84794,0.039276,2.081509354,-0.002408461369,-0.00134738235,,-0.001061079019,,WARMUP,2026-10-08T08:23:33
London,EUR/JPY,2026-10-08,2026-10-08T10:10:33+01:00,177.049,0.081253,1.454687052,-0.01812779433,-0.02091509379,,0.002787299462,,WARMUP,2026-10-08T08:23:33
London,EUR/USD,2026-10-08,2026-10-08T10:10:33+01:00,1.119025,0.067892,1.358057289,-0.01080634982,-0.01215595595,,0.001349606135,,WARMUP,2026-10-08T08:23:33
London,GBP/JPY,2026-10-08,2026-10-08T10:10:33+01:00,208.7835,0.073044,1.275409893,-0.01321239513,-0.01528264125,,0.002070246124,,WARMUP,2026-10-08T08:23:33
London,GBP/USD,2026-10-08,2026-10-08T10:10:33+01:00,1.319585,0.059654,1.183658082,-0.009217070182,-0.009016411562,,-0.0002006586195,,WARMUP,2026-10-08T08:23:33
London,NZD/USD,2026-10-08,2026-10-08T10:10:33+01:00,0.55924,0.078271,1.489230945,-0.01018279752,-0.009478022313,,-0.0007047752064,,WARMUP,2026-10-08T08:23:33
London,USD/CAD,2026-10-08,2026-10-08T10:10:33+01:00,1.425945,0.046161,1.402260093,0.003353396351,0.002744602786,,0.0006087935652,,WARMUP,2026-10-08T08:23:33
London,USD/CHF,2026-10-08,2026-10-08T10:10:33+01:00,0.833885,0.065102,1.534772974,-0.005377329219,-0.004208702942,,-0.001168626277,,WARMUP,2026-10-08T08:23:33
London,USD/CNH,2026-10-08,2026-10-08T10:10:33+01:00,6.702445,0.013875,1.420745443,0.004420672322,0.005653033349,,-0.001232361027,,WARMUP,2026-10-08T08:23:33
London,USD/ILS,2026-10-08,2026-10-08T10:10:33+01:00,3.074175,0.101378,1.005315246,0.00362733673,0.003262526406,,0.0003648103238,,WARMUP,2026-10-08T08:23:33
London,USD/JPY,2026-10-08,2026-10-08T10:10:33+01:00,158.237,0.06959,3.100053457,-0.0177196501,-0.01996648343,,0.002246833326,,WARMUP,2026-10-08T08:23:33
London,USD/MXN,2026-10-08,2026-10-08T10:10:33+01:00,18.007155,0.107088,1.033308889,0.02181843317,0.02183007498,,-1.164181463e-05,,WARMUP,2026-10-08T08:23:33
London,USD/TRY,2026-10-08,2026-10-08T10:10:33+01:00,18.23807,,,,,,,,WARMUP,
London,XAU/USD,2026-10-08,2026-10-08T10:10:33+01:00,4129.52,0.201878,1.812711012,-0.004847990186,-0.003009804153,,-0.001838186033,,WARMUP,2026-10-08T08:23:33
New_York,AUD/USD,2026-10-07,2026-10-07T07:57:38-04:00,0.69502,0.069061,1.299409197,-0.007383343938,,,,,WARMUP,2026-10-07T10:23:40
New_York,EUR/AUD,2026-10-07,2026-10-07T07:57:38-04:00,1.608655,0.056765,1.041444979,0.00138544769,,,,,WARMUP,2026-10-07T10:23:40
New_York,EUR/CAD,2026-10-07,2026-10-07T07:57:38-04:00,1.59233,0.048101,0.9092988525,-0.004466035173,,,,,WARMUP,2026-10-07T10:23:40
New_York,EUR/CHF,2026-10-07,2026-10-07T07:57:38-04:00,0.930325,0.057376,0.7071583514,-0.009963822163,,,,,WARMUP,2026-10-07T10:23:40
New_York,EUR/GBP,2026-10-07,2026-10-07T07:57:38-04:00,0.84657,0.040602,2.148708721,-0.001778390436,,,,,WARMUP,2026-10-07T10:23:40
New_York,EUR/JPY,2026-10-07,2026-10-07T07:57:38-04:00,177.032,0.08233,1.735784613,-0.02016565438,,,,,WARMUP,2026-10-07T10:23:40
New_York,EUR/USD,2026-10-07,2026-10-07T07:57:38-04:00,1.11804,0.065558,1.357814506,-0.01113325493,,,,,WARMUP,2026-10-07T10:23:40
New_York,GBP/JPY,2026-10-07,2026-10-07T07:57:38-04:00,209.0885,0.071202,1.642567131,-0.01400920393,,,,,WARMUP,2026-10-07T10:23:40
New_York,GBP/USD,2026-10-07,2026-10-07T07:57:38-04:00,1.32051,0.057109,1.222341131,-0.006588938934,,,,,WARMUP,2026-10-07T10:23:40
New_York,NZD/USD,2026-10-07,2026-10-07T07:57:38-04:00,0.55944,0.078263,1.464940851,-0.007583457253,,,,,WARMUP,2026-10-07T10:23:40
New_York,USD/CAD,2026-10-07,2026-10-07T07:57:38-04:00,1.42421,0.041777,1.391870731,0.003444448686,,,,,WARMUP,2026-10-07T10:23:40
New_York,USD/CHF,2026-10-07,2026-10-07T07:57:38-04:00,0.832145,0.065258,1.424691628,-0.003612420007,,,,,WARMUP,2026-10-07T10:23:40
New_York,USD/CNH,2026-10-07,2026-10-07T07:57:38-04:00,6.707515,0.014837,1.499747296,0.005550729381,,,,,WARMUP,2026-10-07T10:23:40
New_York,USD/ILS,2026-10-07,2026-10-07T07:57:38-04:00,3.07158,0.092275,1.305772143,0.003537725047,,,,,WARMUP,2026-10-07T10:23:40
New_York,USD/JPY,2026-10-07,2026-10-07T07:57:38-04:00,158.323,0.072046,5.106385995,-0.02012300906,,,,,WARMUP,2026-10-07T10:23:40
New_York,USD/MXN,2026-10-07,2026-10-07T07:57:38-04:00,18.10375,0.104722,0.9783902462,0.02248336082,,,,,WARMUP,2026-10-07T10:23:40
New_York,USD/TRY,2026-10-07,2026-10-07T07:57:38-04:00,18.23807,,,,,,,,WARMUP,
New_York,XAU/USD,2026-10-07,2026-10-07T07:57:38-04:00,4118.77,0.195221,1.57497257,-0.003492138878,,,,,WARMUP,2026-10-07T10:23:40
