as_of_utc,fetched_utc,pair,spot,spot_change_pct,tenor,atm_vol,atm_change,rr_25d,rr_change
2026-10-07T07:00+00:00,2026-10-07T10:12:47+00:00,AUDUSD,0.6971,0.09,1W,7,0.01,-0.74,0.02
2026-10-07T07:00+00:00,2026-10-07T10:12:47+00:00,AUDUSD,0.6971,0.09,1M,7.5,-0.36,-0.84,0.1
2026-10-07T07:00+00:00,2026-10-07T10:12:47+00:00,AUDUSD,0.6971,0.09,3M,7.55,-0.24,-0.91,0.07
2026-10-07T07:00+00:00,2026-10-07T10:12:47+00:00,AUDUSD,0.6971,0.09,6M,8.09,-0.21,-1,0.1
2026-10-07T07:00+00:00,2026-10-07T10:12:47+00:00,AUDUSD,0.6971,0.09,9M,8.46,-0.18,-1.04,0.08
2026-10-07T07:00+00:00,2026-10-07T10:12:47+00:00,AUDUSD,0.6971,0.09,1Y,8.76,-0.14,-1.12,0.08
2026-10-07T07:00+00:00,2026-10-07T10:12:47+00:00,EURCHF,0.9347,0.22,1W,5.49,-0.98,-1.3,0.2
2026-10-07T07:00+00:00,2026-10-07T10:12:47+00:00,EURCHF,0.9347,0.22,1M,5.2,-0.63,-1.24,0.14
2026-10-07T07:00+00:00,2026-10-07T10:12:47+00:00,EURCHF,0.9347,0.22,3M,5.03,-0.46,-1.13,0.08
2026-10-07T07:00+00:00,2026-10-07T10:12:47+00:00,EURCHF,0.9347,0.22,6M,5.16,-0.36,-1.04,0.06
2026-10-07T07:00+00:00,2026-10-07T10:12:47+00:00,EURCHF,0.9347,0.22,9M,5.44,-0.29,-1,0.06
2026-10-07T07:00+00:00,2026-10-07T10:12:47+00:00,EURCHF,0.9347,0.22,1Y,5.45,-0.26,-0.98,0.06
2026-10-07T07:00+00:00,2026-10-07T10:12:47+00:00,EURGBP,0.8473,-0.11,1W,3.53,-0.7,-0.31,0.09
2026-10-07T07:00+00:00,2026-10-07T10:12:47+00:00,EURGBP,0.8473,-0.11,1M,4.03,-0.29,0.09,0.06
2026-10-07T07:00+00:00,2026-10-07T10:12:47+00:00,EURGBP,0.8473,-0.11,3M,3.92,-0.24,0.26,0.03
2026-10-07T07:00+00:00,2026-10-07T10:12:47+00:00,EURGBP,0.8473,-0.11,6M,4.24,-0.21,0.47,0.02
2026-10-07T07:00+00:00,2026-10-07T10:12:47+00:00,EURGBP,0.8473,-0.11,9M,4.66,-0.19,0.62,0.01
2026-10-07T07:00+00:00,2026-10-07T10:12:47+00:00,EURGBP,0.8473,-0.11,1Y,4.8,-0.18,0.72,0
2026-10-07T07:00+00:00,2026-10-07T10:12:47+00:00,EURJPY,177.75,0.25,1W,8.03,-0.41,-1.94,0.11
2026-10-07T07:00+00:00,2026-10-07T10:12:47+00:00,EURJPY,177.75,0.25,1M,8.53,-0.44,-2.05,0.13
2026-10-07T07:00+00:00,2026-10-07T10:12:47+00:00,EURJPY,177.75,0.25,3M,8.26,-0.3,-1.86,0.06
2026-10-07T07:00+00:00,2026-10-07T10:12:47+00:00,EURJPY,177.75,0.25,6M,8.41,-0.22,-1.52,0.02
2026-10-07T07:00+00:00,2026-10-07T10:12:47+00:00,EURJPY,177.75,0.25,9M,8.67,-0.16,-1.24,-0.01
2026-10-07T07:00+00:00,2026-10-07T10:12:47+00:00,EURJPY,177.75,0.25,1Y,8.7,-0.12,-1.02,0
2026-10-07T07:00+00:00,2026-10-07T10:12:47+00:00,EURUSD,1.1229,0.17,1W,6.46,0.2,-0.83,0.16
2026-10-07T07:00+00:00,2026-10-07T10:12:47+00:00,EURUSD,1.1229,0.17,1M,6.39,-0.21,-0.96,0.14
2026-10-07T07:00+00:00,2026-10-07T10:12:47+00:00,EURUSD,1.1229,0.17,3M,6.14,-0.26,-0.94,0.16
2026-10-07T07:00+00:00,2026-10-07T10:12:47+00:00,EURUSD,1.1229,0.17,6M,6.42,-0.22,-0.9,0.12
2026-10-07T07:00+00:00,2026-10-07T10:12:47+00:00,EURUSD,1.1229,0.17,9M,6.74,-0.24,-0.9,0.07
2026-10-07T07:00+00:00,2026-10-07T10:12:47+00:00,EURUSD,1.1229,0.17,1Y,6.88,-0.22,-0.87,0.05
2026-10-07T07:00+00:00,2026-10-07T10:12:47+00:00,GBPUSD,1.3253,0.28,1W,5.51,0,-0.55,0.21
2026-10-07T07:00+00:00,2026-10-07T10:12:47+00:00,GBPUSD,1.3253,0.28,1M,6.11,-0.32,-0.74,0.16
2026-10-07T07:00+00:00,2026-10-07T10:12:47+00:00,GBPUSD,1.3253,0.28,3M,6.04,-0.26,-0.84,0.14
2026-10-07T07:00+00:00,2026-10-07T10:12:47+00:00,GBPUSD,1.3253,0.28,6M,6.6,-0.18,-0.99,0.11
2026-10-07T07:00+00:00,2026-10-07T10:12:47+00:00,GBPUSD,1.3253,0.28,9M,6.99,-0.16,-1.07,0.09
2026-10-07T07:00+00:00,2026-10-07T10:12:47+00:00,GBPUSD,1.3253,0.28,1Y,7.31,-0.13,-1.18,0.09
2026-10-07T07:00+00:00,2026-10-07T10:12:47+00:00,USDCAD,1.422,-0.41,1W,4.27,0.01,0.16,-0.22
2026-10-07T07:00+00:00,2026-10-07T10:12:47+00:00,USDCAD,1.422,-0.41,1M,4.34,-0.15,0.18,-0.12
2026-10-07T07:00+00:00,2026-10-07T10:12:47+00:00,USDCAD,1.422,-0.41,3M,4.26,-0.09,0.14,-0.08
2026-10-07T07:00+00:00,2026-10-07T10:12:47+00:00,USDCAD,1.422,-0.41,6M,4.52,-0.08,0.1,-0.06
2026-10-07T07:00+00:00,2026-10-07T10:12:47+00:00,USDCAD,1.422,-0.41,9M,4.74,-0.06,0.07,-0.05
2026-10-07T07:00+00:00,2026-10-07T10:12:47+00:00,USDCAD,1.422,-0.41,1Y,4.92,-0.04,0.05,-0.05
2026-10-07T07:00+00:00,2026-10-07T10:12:47+00:00,USDCHF,0.8324,0.05,1W,6.51,-0.25,-0.57,0.07
2026-10-07T07:00+00:00,2026-10-07T10:12:47+00:00,USDCHF,0.8324,0.05,1M,6.83,-0.5,-0.57,0.08
2026-10-07T07:00+00:00,2026-10-07T10:12:47+00:00,USDCHF,0.8324,0.05,3M,6.77,-0.42,-0.59,0.07
2026-10-07T07:00+00:00,2026-10-07T10:12:47+00:00,USDCHF,0.8324,0.05,6M,7,-0.41,-0.65,0.06
2026-10-07T07:00+00:00,2026-10-07T10:12:47+00:00,USDCHF,0.8324,0.05,9M,7.19,-0.37,-0.69,0.05
2026-10-07T07:00+00:00,2026-10-07T10:12:47+00:00,USDCHF,0.8324,0.05,1Y,7.36,-0.32,-0.75,0.05
2026-10-07T07:00+00:00,2026-10-07T10:12:47+00:00,USDJPY,158.29,0.08,1W,6.86,-0.56,-1.66,0.42
2026-10-07T07:00+00:00,2026-10-07T10:12:47+00:00,USDJPY,158.29,0.08,1M,8.18,-0.57,-1.94,0.22
2026-10-07T07:00+00:00,2026-10-07T10:12:47+00:00,USDJPY,158.29,0.08,3M,8.18,-0.37,-1.7,0.09
2026-10-07T07:00+00:00,2026-10-07T10:12:47+00:00,USDJPY,158.29,0.08,6M,8.48,-0.24,-1.25,0.03
2026-10-07T07:00+00:00,2026-10-07T10:12:47+00:00,USDJPY,158.29,0.08,9M,8.63,-0.17,-0.85,0.01
2026-10-07T07:00+00:00,2026-10-07T10:12:47+00:00,USDJPY,158.29,0.08,1Y,8.68,-0.14,-0.58,0
2026-10-07T07:00+00:00,2026-10-07T10:12:47+00:00,XAGUSD,60.5094,-0.3,1W,29.51,1.51,-0.64,0.05
2026-10-07T07:00+00:00,2026-10-07T10:12:47+00:00,XAGUSD,60.5094,-0.3,1M,31.38,-0.25,1.27,-0.1
2026-10-07T07:00+00:00,2026-10-07T10:12:47+00:00,XAGUSD,60.5094,-0.3,3M,32.29,0.07,3.49,0
2026-10-07T07:00+00:00,2026-10-07T10:12:47+00:00,XAGUSD,60.5094,-0.3,6M,33.78,-0.01,4.94,0
2026-10-07T07:00+00:00,2026-10-07T10:12:47+00:00,XAGUSD,60.5094,-0.3,9M,34.69,0.01,5.73,-0.01
2026-10-07T07:00+00:00,2026-10-07T10:12:47+00:00,XAGUSD,60.5094,-0.3,1Y,35.36,-0.05,6.32,0
2026-10-07T07:00+00:00,2026-10-07T10:12:47+00:00,XAUUSD,4133.1,0.04,1W,19.02,1.27,-0.23,0.45
2026-10-07T07:00+00:00,2026-10-07T10:12:47+00:00,XAUUSD,4133.1,0.04,1M,20,-0.22,0.06,0.26
2026-10-07T07:00+00:00,2026-10-07T10:12:47+00:00,XAUUSD,4133.1,0.04,3M,20.08,-0.15,0.42,0.13
2026-10-07T07:00+00:00,2026-10-07T10:12:47+00:00,XAUUSD,4133.1,0.04,6M,20.71,-0.06,0.74,0.08
2026-10-07T07:00+00:00,2026-10-07T10:12:47+00:00,XAUUSD,4133.1,0.04,9M,21.01,-0.02,0.94,0.05
2026-10-07T07:00+00:00,2026-10-07T10:12:47+00:00,XAUUSD,4133.1,0.04,1Y,21.23,0.02,1.09,0.04
2026-10-07T12:30+00:00,2026-10-07T12:55:59+00:00,AUDUSD,0.6944,-0.52,1W,7,0.51,-0.94,-0.18
2026-10-07T12:30+00:00,2026-10-07T12:55:59+00:00,AUDUSD,0.6944,-0.52,1M,7.8,0.19,-0.99,-0.05
2026-10-07T12:30+00:00,2026-10-07T12:55:59+00:00,AUDUSD,0.6944,-0.52,3M,7.75,0.16,-1.06,-0.08
2026-10-07T12:30+00:00,2026-10-07T12:55:59+00:00,AUDUSD,0.6944,-0.52,6M,8.29,0.19,-1.05,0.05
2026-10-07T12:30+00:00,2026-10-07T12:55:59+00:00,AUDUSD,0.6944,-0.52,9M,8.66,0.17,-1.04,0.08
2026-10-07T12:30+00:00,2026-10-07T12:55:59+00:00,AUDUSD,0.6944,-0.52,1Y,8.96,0.16,-1.12,0.08
2026-10-07T12:30+00:00,2026-10-07T12:55:59+00:00,EURCHF,0.9302,-0.62,1W,5.74,0.72,-1.3,0.2
2026-10-07T12:30+00:00,2026-10-07T12:55:59+00:00,EURCHF,0.9302,-0.62,1M,5.5,0.37,-1.24,0.14
2026-10-07T12:30+00:00,2026-10-07T12:55:59+00:00,EURCHF,0.9302,-0.62,3M,5.33,0.44,-1.13,0.08
2026-10-07T12:30+00:00,2026-10-07T12:55:59+00:00,EURCHF,0.9302,-0.62,6M,5.31,0.14,-1.04,0.06
2026-10-07T12:30+00:00,2026-10-07T12:55:59+00:00,EURCHF,0.9302,-0.62,9M,5.49,0.21,-1,0.06
2026-10-07T12:30+00:00,2026-10-07T12:55:59+00:00,EURCHF,0.9302,-0.62,1Y,5.6,0.24,-0.98,0.06
2026-10-07T12:30+00:00,2026-10-07T12:55:59+00:00,EURGBP,0.8463,-0.29,1W,4.28,0.55,-0.31,-0.06
2026-10-07T12:30+00:00,2026-10-07T12:55:59+00:00,EURGBP,0.8463,-0.29,1M,4.28,0.21,-0.01,-0.04
2026-10-07T12:30+00:00,2026-10-07T12:55:59+00:00,EURGBP,0.8463,-0.29,3M,4.17,0.21,0.11,-0.12
2026-10-07T12:30+00:00,2026-10-07T12:55:59+00:00,EURGBP,0.8463,-0.29,6M,4.44,0.14,0.37,-0.08
2026-10-07T12:30+00:00,2026-10-07T12:55:59+00:00,EURGBP,0.8463,-0.29,9M,4.81,0.11,0.52,-0.09
2026-10-07T12:30+00:00,2026-10-07T12:55:59+00:00,EURGBP,0.8463,-0.29,1Y,4.95,0.07,0.67,-0.05
2026-10-07T12:30+00:00,2026-10-07T12:55:59+00:00,EURJPY,176.73,-0.83,1W,8.52,1.27,-1.94,0.11
2026-10-07T12:30+00:00,2026-10-07T12:55:59+00:00,EURJPY,176.73,-0.83,1M,8.76,0.35,-2.05,0.13
2026-10-07T12:30+00:00,2026-10-07T12:55:59+00:00,EURJPY,176.73,-0.83,3M,8.5,0.15,-1.86,0.06
2026-10-07T12:30+00:00,2026-10-07T12:55:59+00:00,EURJPY,176.73,-0.83,6M,8.65,0.18,-1.52,0.02
2026-10-07T12:30+00:00,2026-10-07T12:55:59+00:00,EURJPY,176.73,-0.83,9M,8.83,0.14,-1.24,-0.01
2026-10-07T12:30+00:00,2026-10-07T12:55:59+00:00,EURJPY,176.73,-0.83,1Y,8.84,0.09,-1.02,0
2026-10-07T12:30+00:00,2026-10-07T12:55:59+00:00,EURUSD,1.1166,-0.87,1W,7.01,1.45,-1.18,-0.44
2026-10-07T12:30+00:00,2026-10-07T12:55:59+00:00,EURUSD,1.1166,-0.87,1M,6.74,0.59,-1.11,-0.26
2026-10-07T12:30+00:00,2026-10-07T12:55:59+00:00,EURUSD,1.1166,-0.87,3M,6.54,0.54,-1.04,-0.19
2026-10-07T12:30+00:00,2026-10-07T12:55:59+00:00,EURUSD,1.1166,-0.87,6M,6.72,0.38,-0.95,-0.18
2026-10-07T12:30+00:00,2026-10-07T12:55:59+00:00,EURUSD,1.1166,-0.87,9M,6.99,0.26,-0.95,-0.18
2026-10-07T12:30+00:00,2026-10-07T12:55:59+00:00,EURUSD,1.1166,-0.87,1Y,7.18,0.33,-0.92,-0.15
2026-10-07T12:30+00:00,2026-10-07T12:55:59+00:00,GBPUSD,1.3195,-0.58,1W,6.01,1,-0.7,-0.19
2026-10-07T12:30+00:00,2026-10-07T12:55:59+00:00,GBPUSD,1.3195,-0.58,1M,6.46,0.33,-0.84,-0.19
2026-10-07T12:30+00:00,2026-10-07T12:55:59+00:00,GBPUSD,1.3195,-0.58,3M,6.29,0.24,-0.89,-0.11
2026-10-07T12:30+00:00,2026-10-07T12:55:59+00:00,GBPUSD,1.3195,-0.58,6M,6.75,0.17,-1.04,-0.14
2026-10-07T12:30+00:00,2026-10-07T12:55:59+00:00,GBPUSD,1.3195,-0.58,9M,7.14,0.14,-1.12,-0.11
2026-10-07T12:30+00:00,2026-10-07T12:55:59+00:00,GBPUSD,1.3195,-0.58,1Y,7.46,0.17,-1.23,-0.11
2026-10-07T12:30+00:00,2026-10-07T12:55:59+00:00,USDCAD,1.4265,0.08,1W,4.22,0.21,0.16,-0.22
2026-10-07T12:30+00:00,2026-10-07T12:55:59+00:00,USDCAD,1.4265,0.08,1M,4.34,-0.05,0.18,-0.12
2026-10-07T12:30+00:00,2026-10-07T12:55:59+00:00,USDCAD,1.4265,0.08,3M,4.26,0.01,0.14,-0.08
2026-10-07T12:30+00:00,2026-10-07T12:55:59+00:00,USDCAD,1.4265,0.08,6M,4.57,0.02,0.1,-0.06
2026-10-07T12:30+00:00,2026-10-07T12:55:59+00:00,USDCAD,1.4265,0.08,9M,4.79,-0.01,0.07,-0.05
2026-10-07T12:30+00:00,2026-10-07T12:55:59+00:00,USDCAD,1.4265,0.08,1Y,4.97,0.06,0.05,-0.05
2026-10-07T12:30+00:00,2026-10-07T12:55:59+00:00,USDCHF,0.833,0.24,1W,6.76,0.5,-0.62,0.02
2026-10-07T12:30+00:00,2026-10-07T12:55:59+00:00,USDCHF,0.833,0.24,1M,6.98,0.1,-0.62,0.03
2026-10-07T12:30+00:00,2026-10-07T12:55:59+00:00,USDCHF,0.833,0.24,3M,6.77,-0.02,-0.64,0.02
2026-10-07T12:30+00:00,2026-10-07T12:55:59+00:00,USDCHF,0.833,0.24,6M,7.05,-0.06,-0.65,0.06
2026-10-07T12:30+00:00,2026-10-07T12:55:59+00:00,USDCHF,0.833,0.24,9M,7.24,-0.02,-0.69,0.05
2026-10-07T12:30+00:00,2026-10-07T12:55:59+00:00,USDCHF,0.833,0.24,1Y,7.46,0.13,-0.75,0.05
2026-10-07T12:30+00:00,2026-10-07T12:55:59+00:00,USDJPY,158.27,0.04,1W,7.03,0.48,-1.66,0.37
2026-10-07T12:30+00:00,2026-10-07T12:55:59+00:00,USDJPY,158.27,0.04,1M,8.23,-0.19,-1.94,0.07
2026-10-07T12:30+00:00,2026-10-07T12:55:59+00:00,USDJPY,158.27,0.04,3M,8.16,-0.15,-1.7,-0.01
2026-10-07T12:30+00:00,2026-10-07T12:55:59+00:00,USDJPY,158.27,0.04,6M,8.43,-0.12,-1.25,-0.02
2026-10-07T12:30+00:00,2026-10-07T12:55:59+00:00,USDJPY,158.27,0.04,9M,8.6,-0.07,-0.85,-0.04
2026-10-07T12:30+00:00,2026-10-07T12:55:59+00:00,USDJPY,158.27,0.04,1Y,8.67,-0.03,-0.58,-0.05
2026-10-07T12:30+00:00,2026-10-07T12:55:59+00:00,XAGUSD,59.377,-3.22,1W,31,3,-0.64,0.05
2026-10-07T12:30+00:00,2026-10-07T12:55:59+00:00,XAGUSD,59.377,-3.22,1M,32.8,1.52,1.27,-0.1
2026-10-07T12:30+00:00,2026-10-07T12:55:59+00:00,XAGUSD,59.377,-3.22,3M,32.79,0.77,3.49,0
2026-10-07T12:30+00:00,2026-10-07T12:55:59+00:00,XAGUSD,59.377,-3.22,6M,33.98,0.39,4.94,0
2026-10-07T12:30+00:00,2026-10-07T12:55:59+00:00,XAGUSD,59.377,-3.22,9M,34.69,0.06,5.73,-0.01
2026-10-07T12:30+00:00,2026-10-07T12:55:59+00:00,XAGUSD,59.377,-3.22,1Y,35.36,-0.05,6.32,0
2026-10-07T12:30+00:00,2026-10-07T12:55:59+00:00,XAUUSD,4084.09,-2.18,1W,20,3,-0.23,0.45
2026-10-07T12:30+00:00,2026-10-07T12:55:59+00:00,XAUUSD,4084.09,-2.18,1M,20.5,0.48,0.06,0.26
2026-10-07T12:30+00:00,2026-10-07T12:55:59+00:00,XAUUSD,4084.09,-2.18,3M,20.28,0.25,0.42,0.13
2026-10-07T12:30+00:00,2026-10-07T12:55:59+00:00,XAUUSD,4084.09,-2.18,6M,20.91,0.24,0.74,0.08
2026-10-07T12:30+00:00,2026-10-07T12:55:59+00:00,XAUUSD,4084.09,-2.18,9M,21.01,0.03,0.94,0.05
2026-10-07T12:30+00:00,2026-10-07T12:55:59+00:00,XAUUSD,4084.09,-2.18,1Y,21.23,0.02,1.09,0.04
2026-10-08T07:00+00:00,2026-10-08T07:15:45+00:00,AUDUSD,0.6951,-0.27,1W,7.03,0.03,-0.97,-0.23
2026-10-08T07:00+00:00,2026-10-08T07:15:45+00:00,AUDUSD,0.6951,-0.27,1M,7.57,0.07,-0.98,-0.14
2026-10-08T07:00+00:00,2026-10-08T07:15:45+00:00,AUDUSD,0.6951,-0.27,3M,7.58,0.03,-1,-0.09
2026-10-08T07:00+00:00,2026-10-08T07:15:45+00:00,AUDUSD,0.6951,-0.27,6M,8.17,0.08,-1.08,-0.08
2026-10-08T07:00+00:00,2026-10-08T07:15:45+00:00,AUDUSD,0.6951,-0.27,9M,8.52,0.06,-1.11,-0.07
2026-10-08T07:00+00:00,2026-10-08T07:15:45+00:00,AUDUSD,0.6951,-0.27,1Y,8.77,0.01,-1.18,-0.06
2026-10-08T07:00+00:00,2026-10-08T07:15:45+00:00,EURCHF,0.9323,-0.22,1W,6.22,0.73,-1.51,-0.21
2026-10-08T07:00+00:00,2026-10-08T07:15:45+00:00,EURCHF,0.9323,-0.22,1M,5.65,0.45,-1.38,-0.14
2026-10-08T07:00+00:00,2026-10-08T07:15:45+00:00,EURCHF,0.9323,-0.22,3M,5.44,0.41,-1.24,-0.11
2026-10-08T07:00+00:00,2026-10-08T07:15:45+00:00,EURCHF,0.9323,-0.22,6M,5.46,0.3,-1.14,-0.1
2026-10-08T07:00+00:00,2026-10-08T07:15:45+00:00,EURCHF,0.9323,-0.22,9M,5.66,0.22,-1.08,-0.08
2026-10-08T07:00+00:00,2026-10-08T07:15:45+00:00,EURCHF,0.9323,-0.22,1Y,5.62,0.17,-1.06,-0.08
2026-10-08T07:00+00:00,2026-10-08T07:15:45+00:00,EURGBP,0.8482,0.11,1W,4.01,0.48,-0.51,-0.2
2026-10-08T07:00+00:00,2026-10-08T07:15:45+00:00,EURGBP,0.8482,0.11,1M,4.2,0.17,-0.12,-0.21
2026-10-08T07:00+00:00,2026-10-08T07:15:45+00:00,EURGBP,0.8482,0.11,3M,4.1,0.18,0.12,-0.14
2026-10-08T07:00+00:00,2026-10-08T07:15:45+00:00,EURGBP,0.8482,0.11,6M,4.46,0.22,0.36,-0.11
2026-10-08T07:00+00:00,2026-10-08T07:15:45+00:00,EURGBP,0.8482,0.11,9M,4.84,0.18,0.53,-0.09
2026-10-08T07:00+00:00,2026-10-08T07:15:45+00:00,EURGBP,0.8482,0.11,1Y,4.93,0.13,0.64,-0.08
2026-10-08T07:00+00:00,2026-10-08T07:15:45+00:00,EURJPY,177.1,-0.36,1W,8.68,0.65,-1.66,0.28
2026-10-08T07:00+00:00,2026-10-08T07:15:45+00:00,EURJPY,177.1,-0.36,1M,8.54,0.01,-1.9,0.15
2026-10-08T07:00+00:00,2026-10-08T07:15:45+00:00,EURJPY,177.1,-0.36,3M,8.35,0.09,-1.78,0.08
2026-10-08T07:00+00:00,2026-10-08T07:15:45+00:00,EURJPY,177.1,-0.36,6M,8.63,0.22,-1.48,0.04
2026-10-08T07:00+00:00,2026-10-08T07:15:45+00:00,EURJPY,177.1,-0.36,9M,8.86,0.19,-1.19,0.05
2026-10-08T07:00+00:00,2026-10-08T07:15:45+00:00,EURJPY,177.1,-0.36,1Y,8.84,0.14,-0.97,0.05
2026-10-08T07:00+00:00,2026-10-08T07:15:45+00:00,EURUSD,1.1194,-0.29,1W,6.99,0.53,-1.01,-0.18
2026-10-08T07:00+00:00,2026-10-08T07:15:45+00:00,EURUSD,1.1194,-0.29,1M,6.68,0.29,-1.03,-0.07
2026-10-08T07:00+00:00,2026-10-08T07:15:45+00:00,EURUSD,1.1194,-0.29,3M,6.43,0.29,-1.03,-0.09
2026-10-08T07:00+00:00,2026-10-08T07:15:45+00:00,EURUSD,1.1194,-0.29,6M,6.67,0.25,-0.97,-0.07
2026-10-08T07:00+00:00,2026-10-08T07:15:45+00:00,EURUSD,1.1194,-0.29,9M,6.94,0.2,-0.93,-0.03
2026-10-08T07:00+00:00,2026-10-08T07:15:45+00:00,EURUSD,1.1194,-0.29,1Y,7.03,0.15,-0.87,0
2026-10-08T07:00+00:00,2026-10-08T07:15:45+00:00,GBPUSD,1.3197,-0.4,1W,6.04,0.53,-0.75,-0.2
2026-10-08T07:00+00:00,2026-10-08T07:15:45+00:00,GBPUSD,1.3197,-0.4,1M,6.3,0.19,-0.88,-0.14
2026-10-08T07:00+00:00,2026-10-08T07:15:45+00:00,GBPUSD,1.3197,-0.4,3M,6.27,0.23,-0.94,-0.1
2026-10-08T07:00+00:00,2026-10-08T07:15:45+00:00,GBPUSD,1.3197,-0.4,6M,6.78,0.18,-1.07,-0.08
2026-10-08T07:00+00:00,2026-10-08T07:15:45+00:00,GBPUSD,1.3197,-0.4,9M,7.14,0.15,-1.14,-0.07
2026-10-08T07:00+00:00,2026-10-08T07:15:45+00:00,GBPUSD,1.3197,-0.4,1Y,7.45,0.14,-1.24,-0.06
2026-10-08T07:00+00:00,2026-10-08T07:15:45+00:00,USDCAD,1.4263,0.29,1W,4.58,0.31,0.35,0.19
2026-10-08T07:00+00:00,2026-10-08T07:15:45+00:00,USDCAD,1.4263,0.29,1M,4.54,0.2,0.28,0.1
2026-10-08T07:00+00:00,2026-10-08T07:15:45+00:00,USDCAD,1.4263,0.29,3M,4.4,0.14,0.19,0.05
2026-10-08T07:00+00:00,2026-10-08T07:15:45+00:00,USDCAD,1.4263,0.29,6M,4.6,0.08,0.13,0.03
2026-10-08T07:00+00:00,2026-10-08T07:15:45+00:00,USDCAD,1.4263,0.29,9M,4.79,0.05,0.09,0.02
2026-10-08T07:00+00:00,2026-10-08T07:15:45+00:00,USDCAD,1.4263,0.29,1Y,4.95,0.03,0.07,0.02
2026-10-08T07:00+00:00,2026-10-08T07:15:45+00:00,USDCHF,0.8329,0.07,1W,6.77,0.26,-0.66,-0.09
2026-10-08T07:00+00:00,2026-10-08T07:15:45+00:00,USDCHF,0.8329,0.07,1M,6.94,0.11,-0.66,-0.09
2026-10-08T07:00+00:00,2026-10-08T07:15:45+00:00,USDCHF,0.8329,0.07,3M,6.78,0.01,-0.68,-0.09
2026-10-08T07:00+00:00,2026-10-08T07:15:45+00:00,USDCHF,0.8329,0.07,6M,7.08,0.08,-0.74,-0.09
2026-10-08T07:00+00:00,2026-10-08T07:15:45+00:00,USDCHF,0.8329,0.07,9M,7.24,0.05,-0.77,-0.08
2026-10-08T07:00+00:00,2026-10-08T07:15:45+00:00,USDCHF,0.8329,0.07,1Y,7.36,0,-0.82,-0.07
2026-10-08T07:00+00:00,2026-10-08T07:15:45+00:00,USDJPY,158.21,-0.07,1W,6.8,-0.06,-1.55,0.11
2026-10-08T07:00+00:00,2026-10-08T07:15:45+00:00,USDJPY,158.21,-0.07,1M,8.03,-0.15,-1.82,0.12
2026-10-08T07:00+00:00,2026-10-08T07:15:45+00:00,USDJPY,158.21,-0.07,3M,8.05,-0.13,-1.66,0.04
2026-10-08T07:00+00:00,2026-10-08T07:15:45+00:00,USDJPY,158.21,-0.07,6M,8.42,-0.06,-1.26,-0.01
2026-10-08T07:00+00:00,2026-10-08T07:15:45+00:00,USDJPY,158.21,-0.07,9M,8.55,-0.08,-0.87,-0.02
2026-10-08T07:00+00:00,2026-10-08T07:15:45+00:00,USDJPY,158.21,-0.07,1Y,8.58,-0.1,-0.6,-0.02
2026-10-08T07:00+00:00,2026-10-08T07:15:45+00:00,XAGUSD,59.1875,-2.15,1W,33,3.49,-1.5,-0.86
2026-10-08T07:00+00:00,2026-10-08T07:15:45+00:00,XAGUSD,59.1875,-2.15,1M,33.02,1.64,0.98,-0.29
2026-10-08T07:00+00:00,2026-10-08T07:15:45+00:00,XAGUSD,59.1875,-2.15,3M,33.01,0.72,3.19,-0.3
2026-10-08T07:00+00:00,2026-10-08T07:15:45+00:00,XAGUSD,59.1875,-2.15,6M,34,0.22,4.78,-0.16
2026-10-08T07:00+00:00,2026-10-08T07:15:45+00:00,XAGUSD,59.1875,-2.15,9M,34.52,-0.17,5.62,-0.11
2026-10-08T07:00+00:00,2026-10-08T07:15:45+00:00,XAGUSD,59.1875,-2.15,1Y,34.93,-0.43,6.2,-0.12
2026-10-08T07:00+00:00,2026-10-08T07:15:45+00:00,XAUUSD,4123.49,-0.18,1W,20.5,1.48,-0.64,-0.41
2026-10-08T07:00+00:00,2026-10-08T07:15:45+00:00,XAUUSD,4123.49,-0.18,1M,20.41,0.41,-0.07,-0.13
2026-10-08T07:00+00:00,2026-10-08T07:15:45+00:00,XAUUSD,4123.49,-0.18,3M,20.21,0.13,0.37,-0.05
2026-10-08T07:00+00:00,2026-10-08T07:15:45+00:00,XAUUSD,4123.49,-0.18,6M,20.85,0.14,0.72,-0.02
2026-10-08T07:00+00:00,2026-10-08T07:15:45+00:00,XAUUSD,4123.49,-0.18,9M,21.08,0.07,0.94,-0
2026-10-08T07:00+00:00,2026-10-08T07:15:45+00:00,XAUUSD,4123.49,-0.18,1Y,21.19,-0.04,1.08,-0.01
2026-10-08T12:30+00:00,2026-10-08T12:39:16+00:00,AUDUSD,0.6948,0.04,1W,7.23,0.23,-0.96,-0.02
2026-10-08T12:30+00:00,2026-10-08T12:39:16+00:00,AUDUSD,0.6948,0.04,1M,7.67,-0.13,-0.99,-0
2026-10-08T12:30+00:00,2026-10-08T12:39:16+00:00,AUDUSD,0.6948,0.04,3M,7.65,-0.1,-1.01,0.05
2026-10-08T12:30+00:00,2026-10-08T12:39:16+00:00,AUDUSD,0.6948,0.04,6M,8.23,-0.06,-1.09,-0.04
2026-10-08T12:30+00:00,2026-10-08T12:39:16+00:00,AUDUSD,0.6948,0.04,9M,8.57,-0.09,-1.11,-0.07
2026-10-08T12:30+00:00,2026-10-08T12:39:16+00:00,AUDUSD,0.6948,0.04,1Y,8.82,-0.14,-1.19,-0.07
2026-10-08T12:30+00:00,2026-10-08T12:39:16+00:00,EURCHF,0.9329,0.26,1W,5.87,0.13,-1.66,-0.36
2026-10-08T12:30+00:00,2026-10-08T12:39:16+00:00,EURCHF,0.9329,0.26,1M,5.65,0.15,-1.43,-0.19
2026-10-08T12:30+00:00,2026-10-08T12:39:16+00:00,EURCHF,0.9329,0.26,3M,5.39,0.06,-1.29,-0.16
2026-10-08T12:30+00:00,2026-10-08T12:39:16+00:00,EURCHF,0.9329,0.26,6M,5.46,0.15,-1.14,-0.1
2026-10-08T12:30+00:00,2026-10-08T12:39:16+00:00,EURCHF,0.9329,0.26,9M,5.61,0.12,-1.08,-0.08
2026-10-08T12:30+00:00,2026-10-08T12:39:16+00:00,EURCHF,0.9329,0.26,1Y,5.62,0.02,-1.06,-0.08
2026-10-08T12:30+00:00,2026-10-08T12:39:16+00:00,EURGBP,0.8475,0.15,1W,3.76,-0.52,-0.51,-0.2
2026-10-08T12:30+00:00,2026-10-08T12:39:16+00:00,EURGBP,0.8475,0.15,1M,4.05,-0.23,-0.12,-0.11
2026-10-08T12:30+00:00,2026-10-08T12:39:16+00:00,EURGBP,0.8475,0.15,3M,4.05,-0.12,0.12,0.01
2026-10-08T12:30+00:00,2026-10-08T12:39:16+00:00,EURGBP,0.8475,0.15,6M,4.36,-0.08,0.36,-0.01
2026-10-08T12:30+00:00,2026-10-08T12:39:16+00:00,EURGBP,0.8475,0.15,9M,4.79,-0.02,0.53,0.01
2026-10-08T12:30+00:00,2026-10-08T12:39:16+00:00,EURGBP,0.8475,0.15,1Y,4.93,-0.02,0.64,-0.03
2026-10-08T12:30+00:00,2026-10-08T12:39:16+00:00,EURJPY,177.14,0.21,1W,8.23,-0.29,-1.66,0.28
2026-10-08T12:30+00:00,2026-10-08T12:39:16+00:00,EURJPY,177.14,0.21,1M,8.48,-0.28,-1.9,0.15
2026-10-08T12:30+00:00,2026-10-08T12:39:16+00:00,EURJPY,177.14,0.21,3M,8.4,-0.1,-1.78,0.08
2026-10-08T12:30+00:00,2026-10-08T12:39:16+00:00,EURJPY,177.14,0.21,6M,8.73,0.08,-1.48,0.04
2026-10-08T12:30+00:00,2026-10-08T12:39:16+00:00,EURJPY,177.14,0.21,9M,8.95,0.12,-1.19,0.05
2026-10-08T12:30+00:00,2026-10-08T12:39:16+00:00,EURJPY,177.14,0.21,1Y,8.9,0.06,-0.97,0.05
2026-10-08T12:30+00:00,2026-10-08T12:39:16+00:00,EURUSD,1.1198,0.27,1W,6.94,-0.07,-1.06,0.12
2026-10-08T12:30+00:00,2026-10-08T12:39:16+00:00,EURUSD,1.1198,0.27,1M,6.73,-0.01,-1.03,0.08
2026-10-08T12:30+00:00,2026-10-08T12:39:16+00:00,EURUSD,1.1198,0.27,3M,6.48,-0.06,-1.03,0.01
2026-10-08T12:30+00:00,2026-10-08T12:39:16+00:00,EURUSD,1.1198,0.27,6M,6.77,0.05,-0.97,-0.02
2026-10-08T12:30+00:00,2026-10-08T12:39:16+00:00,EURUSD,1.1198,0.27,9M,6.94,-0.05,-0.93,0.02
2026-10-08T12:30+00:00,2026-10-08T12:39:16+00:00,EURUSD,1.1198,0.27,1Y,7.13,-0.05,-0.87,0.05
2026-10-08T12:30+00:00,2026-10-08T12:39:16+00:00,GBPUSD,1.3213,0.13,1W,5.99,-0.02,-0.75,-0.05
2026-10-08T12:30+00:00,2026-10-08T12:39:16+00:00,GBPUSD,1.3213,0.13,1M,6.35,-0.11,-0.88,-0.04
2026-10-08T12:30+00:00,2026-10-08T12:39:16+00:00,GBPUSD,1.3213,0.13,3M,6.27,-0.02,-0.94,-0.05
2026-10-08T12:30+00:00,2026-10-08T12:39:16+00:00,GBPUSD,1.3213,0.13,6M,6.83,0.08,-1.07,-0.03
2026-10-08T12:30+00:00,2026-10-08T12:39:16+00:00,GBPUSD,1.3213,0.13,9M,7.19,0.05,-1.14,-0.02
2026-10-08T12:30+00:00,2026-10-08T12:39:16+00:00,GBPUSD,1.3213,0.13,1Y,7.45,-0.01,-1.24,-0.01
2026-10-08T12:30+00:00,2026-10-08T12:39:16+00:00,USDCAD,1.4254,-0.08,1W,4.63,0.41,0.35,0.19
2026-10-08T12:30+00:00,2026-10-08T12:39:16+00:00,USDCAD,1.4254,-0.08,1M,4.54,0.2,0.28,0.1
2026-10-08T12:30+00:00,2026-10-08T12:39:16+00:00,USDCAD,1.4254,-0.08,3M,4.4,0.14,0.19,0.05
2026-10-08T12:30+00:00,2026-10-08T12:39:16+00:00,USDCAD,1.4254,-0.08,6M,4.6,0.03,0.13,0.03
2026-10-08T12:30+00:00,2026-10-08T12:39:16+00:00,USDCAD,1.4254,-0.08,9M,4.79,0,0.09,0.02
2026-10-08T12:30+00:00,2026-10-08T12:39:16+00:00,USDCAD,1.4254,-0.08,1Y,4.95,-0.02,0.07,0.02
2026-10-08T12:30+00:00,2026-10-08T12:39:16+00:00,USDCHF,0.8331,-0.01,1W,6.47,-0.29,-0.66,-0.04
2026-10-08T12:30+00:00,2026-10-08T12:39:16+00:00,USDCHF,0.8331,-0.01,1M,6.89,-0.09,-0.66,-0.04
2026-10-08T12:30+00:00,2026-10-08T12:39:16+00:00,USDCHF,0.8331,-0.01,3M,6.73,-0.04,-0.68,-0.04
2026-10-08T12:30+00:00,2026-10-08T12:39:16+00:00,USDCHF,0.8331,-0.01,6M,7.08,0.03,-0.74,-0.09
2026-10-08T12:30+00:00,2026-10-08T12:39:16+00:00,USDCHF,0.8331,-0.01,9M,7.24,0,-0.77,-0.08
2026-10-08T12:30+00:00,2026-10-08T12:39:16+00:00,USDCHF,0.8331,-0.01,1Y,7.36,-0.1,-0.82,-0.07
2026-10-08T12:30+00:00,2026-10-08T12:39:16+00:00,USDJPY,158.18,-0.06,1W,6.78,-0.25,-1.55,0.11
2026-10-08T12:30+00:00,2026-10-08T12:39:16+00:00,USDJPY,158.18,-0.06,1M,7.95,-0.28,-1.82,0.12
2026-10-08T12:30+00:00,2026-10-08T12:39:16+00:00,USDJPY,158.18,-0.06,3M,7.96,-0.2,-1.66,0.04
2026-10-08T12:30+00:00,2026-10-08T12:39:16+00:00,USDJPY,158.18,-0.06,6M,8.37,-0.06,-1.26,-0.01
2026-10-08T12:30+00:00,2026-10-08T12:39:16+00:00,USDJPY,158.18,-0.06,9M,8.57,-0.03,-0.87,-0.02
2026-10-08T12:30+00:00,2026-10-08T12:39:16+00:00,USDJPY,158.18,-0.06,1Y,8.6,-0.07,-0.6,-0.02
2026-10-08T12:30+00:00,2026-10-08T12:39:16+00:00,XAGUSD,58.9805,-0.2,1W,33,2,-1.5,-0.86
2026-10-08T12:30+00:00,2026-10-08T12:39:16+00:00,XAGUSD,58.9805,-0.2,1M,33.37,0.57,0.98,-0.29
2026-10-08T12:30+00:00,2026-10-08T12:39:16+00:00,XAGUSD,58.9805,-0.2,3M,33.01,0.22,3.19,-0.3
2026-10-08T12:30+00:00,2026-10-08T12:39:16+00:00,XAGUSD,58.9805,-0.2,6M,34.2,0.22,4.78,-0.16
2026-10-08T12:30+00:00,2026-10-08T12:39:16+00:00,XAGUSD,58.9805,-0.2,9M,34.77,0.08,5.62,-0.11
2026-10-08T12:30+00:00,2026-10-08T12:39:16+00:00,XAGUSD,58.9805,-0.2,1Y,35.28,-0.08,6.2,-0.12
2026-10-08T12:30+00:00,2026-10-08T12:39:16+00:00,XAUUSD,4131.32,1.32,1W,19.25,-0.75,-0.64,-0.41
2026-10-08T12:30+00:00,2026-10-08T12:39:16+00:00,XAUUSD,4131.32,1.32,1M,20.21,-0.29,-0.07,-0.13
2026-10-08T12:30+00:00,2026-10-08T12:39:16+00:00,XAUUSD,4131.32,1.32,3M,20.01,-0.27,0.37,-0.05
2026-10-08T12:30+00:00,2026-10-08T12:39:16+00:00,XAUUSD,4131.32,1.32,6M,21,0.09,0.72,-0.02
2026-10-08T12:30+00:00,2026-10-08T12:39:16+00:00,XAUUSD,4131.32,1.32,9M,21.18,0.17,0.94,-0
2026-10-08T12:30+00:00,2026-10-08T12:39:16+00:00,XAUUSD,4131.32,1.32,1Y,21.39,0.16,1.08,-0.01
